렌즈,입력,단계,시각(초),표본,가로 폭,결정계수,계수,통과,거절 이유,적용 뒤 계수
일반 65도,① 렌즈 비교 측정 그대로,예열 70초,8.53,211,0.4996,0.6468,1.3939,1,-,0.4182
일반 65도,① 렌즈 비교 측정 그대로,예열 70초,12.53,331,0.4996,0.1046,0.715,0,결정계수 미달,0.4182
일반 65도,① 렌즈 비교 측정 그대로,예열 70초,16.53,451,0.5756,0.1189,-1.3886,0,결정계수 미달,0.4182
일반 65도,① 렌즈 비교 측정 그대로,예열 70초,20.53,451,0.5756,0.2471,-1.3866,1,-,-0.1233
일반 65도,① 렌즈 비교 측정 그대로,예열 70초,24.53,466,0.5792,0.1515,-1.407,1,-,-0.5084
일반 65도,① 렌즈 비교 측정 그대로,예열 70초,28.53,466,0.5792,0.2268,-1.9974,1,-,-0.9551
일반 65도,① 렌즈 비교 측정 그대로,예열 70초,32.53,445,0.5531,0.1298,-0.7927,0,결정계수 미달,-0.9551
일반 65도,① 렌즈 비교 측정 그대로,예열 70초,36.53,445,0.5531,0.2275,-1.649,1,-,-1.1633
일반 65도,① 렌즈 비교 측정 그대로,예열 70초,40.53,430,0.5993,0.1288,-1.3869,0,결정계수 미달,-1.1633
일반 65도,① 렌즈 비교 측정 그대로,예열 70초,44.53,430,0.5993,0.1234,-1.3344,0,결정계수 미달,-1.1633
일반 65도,① 렌즈 비교 측정 그대로,예열 70초,48.53,410,0.5978,0.3558,-2.292,1,-,-1.4143
일반 65도,① 렌즈 비교 측정 그대로,예열 70초,52.53,410,0.5978,0.1808,-1.3668,1,-,-1.4
일반 65도,① 렌즈 비교 측정 그대로,예열 70초,56.53,439,0.5864,0.2639,-2.2925,1,-,-1.58
일반 65도,① 렌즈 비교 측정 그대로,예열 70초,60.53,439,0.5864,0.3026,-2.3259,1,-,-1.706
일반 65도,① 렌즈 비교 측정 그대로,예열 70초,64.53,473,0.5872,0.2258,-1.5274,1,-,-1.6524
일반 65도,① 렌즈 비교 측정 그대로,예열 70초,68.53,473,0.5872,0.221,-1.9696,1,-,-1.7476
일반 65도,① 렌즈 비교 측정 그대로,좌우 ±14° 훑기,72.53,473,0.5605,0.1599,-1.3431,1,-,-1.6262
일반 65도,② 실사용 (무작위 지점 겨누기 2분),실사용 2분,8.53,240,0.1181,nan,nan,0,가로 폭 부족,0.0
일반 65도,② 실사용 (무작위 지점 겨누기 2분),실사용 2분,12.53,360,0.2259,0.1152,-9.8458,0,결정계수 미달,0.0
일반 65도,② 실사용 (무작위 지점 겨누기 2분),실사용 2분,16.53,480,0.3927,0.0088,0.6139,0,결정계수 미달,0.0
일반 65도,② 실사용 (무작위 지점 겨누기 2분),실사용 2분,20.53,480,0.3927,0.0864,1.8244,0,결정계수 미달,0.0
일반 65도,② 실사용 (무작위 지점 겨누기 2분),실사용 2분,24.53,480,0.4322,0.0225,-0.3846,0,결정계수 미달,0.0
일반 65도,② 실사용 (무작위 지점 겨누기 2분),실사용 2분,28.53,480,0.4322,0.208,-0.5532,1,-,-0.166
일반 65도,② 실사용 (무작위 지점 겨누기 2분),실사용 2분,32.53,480,0.3853,0.0123,-0.4485,0,결정계수 미달,-0.166
일반 65도,② 실사용 (무작위 지점 겨누기 2분),실사용 2분,36.53,480,0.3853,0.0315,1.5333,0,결정계수 미달,-0.166
일반 65도,② 실사용 (무작위 지점 겨누기 2분),실사용 2분,40.53,480,0.3538,0.056,2.6969,0,결정계수 미달,-0.166
일반 65도,② 실사용 (무작위 지점 겨누기 2분),실사용 2분,44.53,480,0.3316,0.0661,0.0037,0,결정계수 미달,-0.166
일반 65도,② 실사용 (무작위 지점 겨누기 2분),실사용 2분,48.53,480,0.3207,0.2856,-4.8605,1,-,-0.7162
일반 65도,② 실사용 (무작위 지점 겨누기 2분),실사용 2분,52.53,480,0.3712,0.0695,2.1693,0,결정계수 미달,-0.7162
일반 65도,② 실사용 (무작위 지점 겨누기 2분),실사용 2분,56.53,480,0.4165,0.1052,0.5908,0,결정계수 미달,-0.7162
일반 65도,② 실사용 (무작위 지점 겨누기 2분),실사용 2분,60.53,480,0.4165,0.1474,0.4743,0,결정계수 미달,-0.7162
일반 65도,② 실사용 (무작위 지점 겨누기 2분),실사용 2분,64.53,480,0.4165,0.1914,-0.5761,1,-,-0.6742
일반 65도,② 실사용 (무작위 지점 겨누기 2분),실사용 2분,68.53,480,0.3493,0.0626,-1.5136,0,결정계수 미달,-0.6742
일반 65도,② 실사용 (무작위 지점 겨누기 2분),실사용 2분,72.53,480,0.423,0.3663,-0.7437,1,-,-0.695
일반 65도,② 실사용 (무작위 지점 겨누기 2분),실사용 2분,76.53,480,0.423,0.1064,0.317,0,결정계수 미달,-0.695
일반 65도,② 실사용 (무작위 지점 겨누기 2분),실사용 2분,80.53,480,0.423,0.0913,-0.7001,0,결정계수 미달,-0.695
일반 65도,② 실사용 (무작위 지점 겨누기 2분),실사용 2분,84.53,480,0.2464,0.3159,-12.4818,1,-,-1.0865
일반 65도,② 실사용 (무작위 지점 겨누기 2분),실사용 2분,88.53,480,0.2942,0.3596,-6.1899,1,-,-1.3606
일반 65도,② 실사용 (무작위 지점 겨누기 2분),실사용 2분,92.53,480,0.3419,0.1737,-2.5546,1,-,-1.5524
일반 65도,② 실사용 (무작위 지점 겨누기 2분),실사용 2분,96.53,480,0.3897,0.0285,-0.4113,0,결정계수 미달,-1.5524
일반 65도,② 실사용 (무작위 지점 겨누기 2분),실사용 2분,100.53,480,0.3897,0.0189,-0.4853,0,결정계수 미달,-1.5524
일반 65도,② 실사용 (무작위 지점 겨누기 2분),실사용 2분,104.53,480,0.3965,0.0251,-0.1893,0,결정계수 미달,-1.5524
일반 65도,② 실사용 (무작위 지점 겨누기 2분),실사용 2분,108.53,480,0.3932,0.183,-1.5385,1,-,-1.5482
일반 65도,② 실사용 (무작위 지점 겨누기 2분),실사용 2분,112.53,480,0.3859,0.0655,-1.3245,0,결정계수 미달,-1.5482
일반 65도,② 실사용 (무작위 지점 겨누기 2분),실사용 2분,116.53,480,0.3859,0.358,-4.4289,1,-,-1.6838
일반 65도,② 실사용 (무작위 지점 겨누기 2분),실사용 2분,120.53,480,0.3481,0.5995,-7.0452,1,-,-1.7786
일반 65도,③ 순수 좌우 왕복 60초,좌우 왕복 60초,8.53,240,0.4795,0.1081,0.0069,0,결정계수 미달,0.0
일반 65도,③ 순수 좌우 왕복 60초,좌우 왕복 60초,12.53,360,0.4795,0.1456,0.0012,0,결정계수 미달,0.0
일반 65도,③ 순수 좌우 왕복 60초,좌우 왕복 60초,16.53,480,0.4795,0.1471,-0.0012,0,결정계수 미달,0.0
일반 65도,③ 순수 좌우 왕복 60초,좌우 왕복 60초,20.53,480,0.4776,0.167,0.0012,1,-,0.0004
일반 65도,③ 순수 좌우 왕복 60초,좌우 왕복 60초,24.53,480,0.4758,0.1549,0.0024,1,-,0.001
일반 65도,③ 순수 좌우 왕복 60초,좌우 왕복 60초,28.53,480,0.476,0.1408,0.0036,0,결정계수 미달,0.001
일반 65도,③ 순수 좌우 왕복 60초,좌우 왕복 60초,32.53,480,0.4775,0.1665,0.0087,1,-,0.0033
일반 65도,③ 순수 좌우 왕복 60초,좌우 왕복 60초,36.53,480,0.4783,0.1761,0.0052,1,-,0.0039
일반 65도,③ 순수 좌우 왕복 60초,좌우 왕복 60초,40.53,480,0.4783,0.1888,0.0033,1,-,0.0037
일반 65도,③ 순수 좌우 왕복 60초,좌우 왕복 60초,44.53,480,0.4787,0.1817,0.0099,1,-,0.0056
일반 65도,③ 순수 좌우 왕복 60초,좌우 왕복 60초,48.53,480,0.4772,0.1419,0.0024,0,결정계수 미달,0.0056
일반 65도,③ 순수 좌우 왕복 60초,좌우 왕복 60초,52.53,480,0.4785,0.1497,0.0001,0,결정계수 미달,0.0056
일반 65도,③ 순수 좌우 왕복 60초,좌우 왕복 60초,56.53,480,0.4785,0.1447,-0.0025,0,결정계수 미달,0.0056
일반 65도,③ 순수 좌우 왕복 60초,좌우 왕복 60초,60.53,480,0.4785,0.1561,-0.0072,1,-,0.0017
광각 90도,① 렌즈 비교 측정 그대로,예열 70초,8.53,212,0.5055,0.6435,1.4063,1,-,0.4219
광각 90도,① 렌즈 비교 측정 그대로,예열 70초,12.53,332,0.5055,0.1061,0.6661,0,결정계수 미달,0.4219
광각 90도,① 렌즈 비교 측정 그대로,예열 70초,16.53,452,0.5764,0.1162,-1.3787,0,결정계수 미달,0.4219
광각 90도,① 렌즈 비교 측정 그대로,예열 70초,20.53,452,0.5764,0.2478,-1.4188,1,-,-0.1303
광각 90도,① 렌즈 비교 측정 그대로,예열 70초,24.53,464,0.5759,0.1476,-1.386,0,결정계수 미달,-0.1303
광각 90도,① 렌즈 비교 측정 그대로,예열 70초,28.53,464,0.5759,0.2181,-2.0029,1,-,-0.6912
광각 90도,① 렌즈 비교 측정 그대로,예열 70초,32.53,442,0.5552,0.1192,-0.792,0,결정계수 미달,-0.6912
광각 90도,① 렌즈 비교 측정 그대로,예열 70초,36.53,442,0.5552,0.2144,-1.6217,1,-,-0.9704
광각 90도,① 렌즈 비교 측정 그대로,예열 70초,40.53,431,0.5978,0.1244,-1.3396,0,결정계수 미달,-0.9704
광각 90도,① 렌즈 비교 측정 그대로,예열 70초,44.53,431,0.5978,0.1191,-1.2791,0,결정계수 미달,-0.9704
광각 90도,① 렌즈 비교 측정 그대로,예열 70초,48.53,409,0.5967,0.3412,-2.3045,1,-,-1.2793
광각 90도,① 렌즈 비교 측정 그대로,예열 70초,52.53,409,0.5967,0.165,-1.339,1,-,-1.2972
광각 90도,① 렌즈 비교 측정 그대로,예열 70초,56.53,436,0.585,0.2559,-2.3063,1,-,-1.508
광각 90도,① 렌즈 비교 측정 그대로,예열 70초,60.53,436,0.585,0.2889,-2.3019,1,-,-1.6556
광각 90도,① 렌즈 비교 측정 그대로,예열 70초,64.53,471,0.5868,0.2225,-1.5111,1,-,-1.6123
광각 90도,① 렌즈 비교 측정 그대로,예열 70초,68.53,471,0.5868,0.2179,-1.9774,1,-,-1.7218
광각 90도,① 렌즈 비교 측정 그대로,좌우 ±14° 훑기,72.53,471,0.563,0.1555,-1.3607,1,-,-1.6135
광각 90도,② 실사용 (무작위 지점 겨누기 2분),실사용 2분,8.53,240,0.1208,nan,nan,0,가로 폭 부족,0.0
광각 90도,② 실사용 (무작위 지점 겨누기 2분),실사용 2분,12.53,360,0.2279,0.1076,-9.464,0,결정계수 미달,0.0
광각 90도,② 실사용 (무작위 지점 겨누기 2분),실사용 2분,16.53,480,0.3956,0.0085,0.6013,0,결정계수 미달,0.0
광각 90도,② 실사용 (무작위 지점 겨누기 2분),실사용 2분,20.53,480,0.3956,0.0855,1.8078,0,결정계수 미달,0.0
광각 90도,② 실사용 (무작위 지점 겨누기 2분),실사용 2분,24.53,480,0.4339,0.0228,-0.3871,0,결정계수 미달,0.0
광각 90도,② 실사용 (무작위 지점 겨누기 2분),실사용 2분,28.53,480,0.4339,0.2081,-0.5485,1,-,-0.1645
광각 90도,② 실사용 (무작위 지점 겨누기 2분),실사용 2분,32.53,480,0.3889,0.0121,-0.4348,0,결정계수 미달,-0.1645
광각 90도,② 실사용 (무작위 지점 겨누기 2분),실사용 2분,36.53,480,0.3889,0.0321,1.5433,0,결정계수 미달,-0.1645
광각 90도,② 실사용 (무작위 지점 겨누기 2분),실사용 2분,40.53,480,0.3622,0.0562,2.6891,0,결정계수 미달,-0.1645
광각 90도,② 실사용 (무작위 지점 겨누기 2분),실사용 2분,44.53,480,0.3376,0.0665,0.0412,0,결정계수 미달,-0.1645
광각 90도,② 실사용 (무작위 지점 겨누기 2분),실사용 2분,48.53,480,0.3241,0.2839,-4.7758,1,-,-0.7152
광각 90도,② 실사용 (무작위 지점 겨누기 2분),실사용 2분,52.53,480,0.3759,0.0693,2.1639,0,결정계수 미달,-0.7152
광각 90도,② 실사용 (무작위 지점 겨누기 2분),실사용 2분,56.53,480,0.4209,0.1049,0.5812,0,결정계수 미달,-0.7152
광각 90도,② 실사용 (무작위 지점 겨누기 2분),실사용 2분,60.53,480,0.4209,0.1463,0.4631,0,결정계수 미달,-0.7152
광각 90도,② 실사용 (무작위 지점 겨누기 2분),실사용 2분,64.53,480,0.4209,0.192,-0.5795,1,-,-0.6745
광각 90도,② 실사용 (무작위 지점 겨누기 2분),실사용 2분,68.53,480,0.3533,0.063,-1.5157,0,결정계수 미달,-0.6745
광각 90도,② 실사용 (무작위 지점 겨누기 2분),실사용 2분,72.53,480,0.4289,0.3664,-0.7424,1,-,-0.6949
광각 90도,② 실사용 (무작위 지점 겨누기 2분),실사용 2분,76.53,480,0.4289,0.1065,0.3075,0,결정계수 미달,-0.6949
광각 90도,② 실사용 (무작위 지점 겨누기 2분),실사용 2분,80.53,480,0.4289,0.0924,-0.7053,0,결정계수 미달,-0.6949
광각 90도,② 실사용 (무작위 지점 겨누기 2분),실사용 2분,84.53,480,0.2514,0.3068,-12.2144,1,-,-1.0864
광각 90도,② 실사용 (무작위 지점 겨누기 2분),실사용 2분,88.53,480,0.3,0.3559,-6.1179,1,-,-1.3605
광각 90도,② 실사용 (무작위 지점 겨누기 2분),실사용 2분,92.53,480,0.3471,0.1734,-2.547,1,-,-1.5523
광각 90도,② 실사용 (무작위 지점 겨누기 2분),실사용 2분,96.53,480,0.3955,0.0293,-0.4108,0,결정계수 미달,-1.5523
광각 90도,② 실사용 (무작위 지점 겨누기 2분),실사용 2분,100.53,480,0.3955,0.0195,-0.4872,0,결정계수 미달,-1.5523
광각 90도,② 실사용 (무작위 지점 겨누기 2분),실사용 2분,104.53,480,0.401,0.0242,-0.196,0,결정계수 미달,-1.5523
광각 90도,② 실사용 (무작위 지점 겨누기 2분),실사용 2분,108.53,480,0.3991,0.1835,-1.54,1,-,-1.5486
광각 90도,② 실사용 (무작위 지점 겨누기 2분),실사용 2분,112.53,480,0.3914,0.066,-1.3318,0,결정계수 미달,-1.5486
광각 90도,② 실사용 (무작위 지점 겨누기 2분),실사용 2분,116.53,480,0.3914,0.3577,-4.4168,1,-,-1.684
광각 90도,② 실사용 (무작위 지점 겨누기 2분),실사용 2분,120.53,480,0.3556,0.598,-6.9849,1,-,-1.7788
광각 90도,③ 순수 좌우 왕복 60초,좌우 왕복 60초,8.53,240,0.4853,0.048,0.0098,0,결정계수 미달,0.0
광각 90도,③ 순수 좌우 왕복 60초,좌우 왕복 60초,12.53,360,0.4853,0.0758,0.0006,0,결정계수 미달,0.0
광각 90도,③ 순수 좌우 왕복 60초,좌우 왕복 60초,16.53,480,0.4853,0.0745,-0.003,0,결정계수 미달,0.0
광각 90도,③ 순수 좌우 왕복 60초,좌우 왕복 60초,20.53,480,0.482,0.0869,0.0011,0,결정계수 미달,0.0
광각 90도,③ 순수 좌우 왕복 60초,좌우 왕복 60초,24.53,480,0.4799,0.0776,0.0026,0,결정계수 미달,0.0
광각 90도,③ 순수 좌우 왕복 60초,좌우 왕복 60초,28.53,480,0.4803,0.0671,0.0047,0,결정계수 미달,0.0
광각 90도,③ 순수 좌우 왕복 60초,좌우 왕복 60초,32.53,480,0.482,0.0874,0.0129,0,결정계수 미달,0.0
광각 90도,③ 순수 좌우 왕복 60초,좌우 왕복 60초,36.53,480,0.4835,0.0952,0.007,0,결정계수 미달,0.0
광각 90도,③ 순수 좌우 왕복 60초,좌우 왕복 60초,40.53,480,0.4835,0.1072,0.0041,0,결정계수 미달,0.0
광각 90도,③ 순수 좌우 왕복 60초,좌우 왕복 60초,44.53,480,0.4844,0.1013,0.0149,0,결정계수 미달,0.0
광각 90도,③ 순수 좌우 왕복 60초,좌우 왕복 60초,48.53,480,0.482,0.0704,0.0027,0,결정계수 미달,0.0
광각 90도,③ 순수 좌우 왕복 60초,좌우 왕복 60초,52.53,480,0.4836,0.0754,-0.0012,0,결정계수 미달,0.0
광각 90도,③ 순수 좌우 왕복 60초,좌우 왕복 60초,56.53,480,0.4836,0.0699,-0.0053,0,결정계수 미달,0.0
광각 90도,③ 순수 좌우 왕복 60초,좌우 왕복 60초,60.53,480,0.4836,0.0785,-0.0131,0,결정계수 미달,0.0
초광각 120도,① 렌즈 비교 측정 그대로,예열 70초,8.53,210,0.5085,0.6339,1.4252,1,-,0.4276
초광각 120도,① 렌즈 비교 측정 그대로,예열 70초,12.53,330,0.5085,0.1043,0.7161,0,결정계수 미달,0.4276
초광각 120도,① 렌즈 비교 측정 그대로,예열 70초,16.53,450,0.5735,0.1097,-1.3335,0,결정계수 미달,0.4276
초광각 120도,① 렌즈 비교 측정 그대로,예열 70초,20.53,450,0.5735,0.248,-1.4267,1,-,-0.1287
초광각 120도,① 렌즈 비교 측정 그대로,예열 70초,24.53,462,0.5736,0.1427,-1.3572,0,결정계수 미달,-0.1287
초광각 120도,① 렌즈 비교 측정 그대로,예열 70초,28.53,462,0.5736,0.2048,-1.9896,1,-,-0.687
초광각 120도,① 렌즈 비교 측정 그대로,예열 70초,32.53,437,0.5606,0.1107,-0.8259,0,결정계수 미달,-0.687
초광각 120도,① 렌즈 비교 측정 그대로,예열 70초,36.53,437,0.5606,0.2034,-1.6144,1,-,-0.9652
초광각 120도,① 렌즈 비교 측정 그대로,예열 70초,40.53,431,0.5985,0.1275,-1.3374,0,결정계수 미달,-0.9652
초광각 120도,① 렌즈 비교 측정 그대로,예열 70초,44.53,431,0.5985,0.1225,-1.2667,0,결정계수 미달,-0.9652
초광각 120도,① 렌즈 비교 측정 그대로,예열 70초,48.53,408,0.5944,0.3237,-2.3688,1,-,-1.2757
초광각 120도,① 렌즈 비교 측정 그대로,예열 70초,52.53,408,0.5944,0.1453,-1.3416,0,결정계수 미달,-1.2757
초광각 120도,① 렌즈 비교 측정 그대로,예열 70초,56.53,432,0.5815,0.2422,-2.324,1,-,-1.493
초광각 120도,① 렌즈 비교 측정 그대로,예열 70초,60.53,432,0.5815,0.2665,-2.2469,1,-,-1.6451
초광각 120도,① 렌즈 비교 측정 그대로,예열 70초,64.53,470,0.5861,0.2162,-1.4656,1,-,-1.5912
초광각 120도,① 렌즈 비교 측정 그대로,예열 70초,68.53,470,0.5861,0.2116,-1.9556,1,-,-1.7006
초광각 120도,① 렌즈 비교 측정 그대로,좌우 ±14° 훑기,72.53,470,0.5665,0.1483,-1.3636,0,결정계수 미달,-1.7006
초광각 120도,② 실사용 (무작위 지점 겨누기 2분),실사용 2분,8.53,240,0.1251,nan,nan,0,가로 폭 부족,0.0
초광각 120도,② 실사용 (무작위 지점 겨누기 2분),실사용 2분,12.53,360,0.231,0.0973,-8.9158,0,결정계수 미달,0.0
초광각 120도,② 실사용 (무작위 지점 겨누기 2분),실사용 2분,16.53,480,0.4015,0.0082,0.5849,0,결정계수 미달,0.0
초광각 120도,② 실사용 (무작위 지점 겨누기 2분),실사용 2분,20.53,480,0.4015,0.0842,1.7846,0,결정계수 미달,0.0
초광각 120도,② 실사용 (무작위 지점 겨누기 2분),실사용 2분,24.53,480,0.4385,0.0231,-0.3888,0,결정계수 미달,0.0
초광각 120도,② 실사용 (무작위 지점 겨누기 2분),실사용 2분,28.53,480,0.4385,0.2076,-0.5407,1,-,-0.1622
초광각 120도,② 실사용 (무작위 지점 겨누기 2분),실사용 2분,32.53,480,0.396,0.0118,-0.4162,0,결정계수 미달,-0.1622
초광각 120도,② 실사용 (무작위 지점 겨누기 2분),실사용 2분,36.53,480,0.396,0.0328,1.5496,0,결정계수 미달,-0.1622
초광각 120도,② 실사용 (무작위 지점 겨누기 2분),실사용 2분,40.53,480,0.3728,0.0559,2.6585,0,결정계수 미달,-0.1622
초광각 120도,② 실사용 (무작위 지점 겨누기 2분),실사용 2분,44.53,480,0.3453,0.0669,0.0834,0,결정계수 미달,-0.1622
초광각 120도,② 실사용 (무작위 지점 겨누기 2분),실사용 2분,48.53,480,0.3283,0.2811,-4.6485,1,-,-0.7136
초광각 120도,② 실사용 (무작위 지점 겨누기 2분),실사용 2분,52.53,480,0.3826,0.0688,2.1496,0,결정계수 미달,-0.7136
초광각 120도,② 실사용 (무작위 지점 겨누기 2분),실사용 2분,56.53,480,0.4273,0.1044,0.5679,0,결정계수 미달,-0.7136
초광각 120도,② 실사용 (무작위 지점 겨누기 2분),실사용 2분,60.53,480,0.4273,0.1447,0.4479,0,결정계수 미달,-0.7136
초광각 120도,② 실사용 (무작위 지점 겨누기 2분),실사용 2분,64.53,480,0.4273,0.1922,-0.5826,1,-,-0.6743
초광각 120도,② 실사용 (무작위 지점 겨누기 2분),실사용 2분,68.53,480,0.3587,0.0631,-1.5117,0,결정계수 미달,-0.6743
초광각 120도,② 실사용 (무작위 지점 겨누기 2분),실사용 2분,72.53,480,0.4375,0.3655,-0.7391,1,-,-0.6937
초광각 120도,② 실사용 (무작위 지점 겨누기 2분),실사용 2분,76.53,480,0.4375,0.1066,0.296,0,결정계수 미달,-0.6937
초광각 120도,② 실사용 (무작위 지점 겨누기 2분),실사용 2분,80.53,480,0.4375,0.0936,-0.7103,0,결정계수 미달,-0.6937
초광각 120도,② 실사용 (무작위 지점 겨누기 2분),실사용 2분,84.53,480,0.2578,0.2935,-11.8038,1,-,-1.0856
초광각 120도,② 실사용 (무작위 지점 겨누기 2분),실사용 2분,88.53,480,0.3072,0.35,-6.005,1,-,-1.3599
초광각 120도,② 실사용 (무작위 지점 겨누기 2분),실사용 2분,92.53,480,0.3545,0.1724,-2.5286,1,-,-1.5519
초광각 120도,② 실사용 (무작위 지점 겨누기 2분),실사용 2분,96.53,480,0.4034,0.0303,-0.4093,0,결정계수 미달,-1.5519
초광각 120도,② 실사용 (무작위 지점 겨누기 2분),실사용 2분,100.53,480,0.4034,0.0202,-0.4883,0,결정계수 미달,-1.5519
초광각 120도,② 실사용 (무작위 지점 겨누기 2분),실사용 2분,104.53,480,0.4069,0.0231,-0.2044,0,결정계수 미달,-1.5519
초광각 120도,② 실사용 (무작위 지점 겨누기 2분),실사용 2분,108.53,480,0.4069,0.1834,-1.5398,1,-,-1.5483
초광각 120도,② 실사용 (무작위 지점 겨누기 2분),실사용 2분,112.53,480,0.3992,0.0665,-1.3382,0,결정계수 미달,-1.5483
초광각 120도,② 실사용 (무작위 지점 겨누기 2분),실사용 2분,116.53,480,0.3992,0.3561,-4.3888,1,-,-1.6838
초광각 120도,② 실사용 (무작위 지점 겨누기 2분),실사용 2분,120.53,480,0.3655,0.5936,-6.8751,1,-,-1.7787
초광각 120도,③ 순수 좌우 왕복 60초,좌우 왕복 60초,8.53,240,0.4926,0.0249,0.0136,0,결정계수 미달,0.0
초광각 120도,③ 순수 좌우 왕복 60초,좌우 왕복 60초,12.53,360,0.4926,0.046,0.0001,0,결정계수 미달,0.0
초광각 120도,③ 순수 좌우 왕복 60초,좌우 왕복 60초,16.53,480,0.4926,0.0439,-0.0049,0,결정계수 미달,0.0
초광각 120도,③ 순수 좌우 왕복 60초,좌우 왕복 60초,20.53,480,0.4889,0.0524,0.0014,0,결정계수 미달,0.0
초광각 120도,③ 순수 좌우 왕복 60초,좌우 왕복 60초,24.53,480,0.4865,0.0452,0.0029,0,결정계수 미달,0.0
초광각 120도,③ 순수 좌우 왕복 60초,좌우 왕복 60초,28.53,480,0.4865,0.0372,0.0064,0,결정계수 미달,0.0
초광각 120도,③ 순수 좌우 왕복 60초,좌우 왕복 60초,32.53,480,0.4876,0.0536,0.0182,0,결정계수 미달,0.0
초광각 120도,③ 순수 좌우 왕복 60초,좌우 왕복 60초,36.53,480,0.49,0.0597,0.0091,0,결정계수 미달,0.0
초광각 120도,③ 순수 좌우 왕복 60초,좌우 왕복 60초,40.53,480,0.49,0.0707,0.0052,0,결정계수 미달,0.0
초광각 120도,③ 순수 좌우 왕복 60초,좌우 왕복 60초,44.53,480,0.4917,0.0658,0.0212,0,결정계수 미달,0.0
초광각 120도,③ 순수 좌우 왕복 60초,좌우 왕복 60초,48.53,480,0.4881,0.0409,0.0032,0,결정계수 미달,0.0
초광각 120도,③ 순수 좌우 왕복 60초,좌우 왕복 60초,52.53,480,0.4901,0.0443,-0.0027,0,결정계수 미달,0.0
초광각 120도,③ 순수 좌우 왕복 60초,좌우 왕복 60초,56.53,480,0.4901,0.0394,-0.0086,0,결정계수 미달,0.0
초광각 120도,③ 순수 좌우 왕복 60초,좌우 왕복 60초,60.53,480,0.4901,0.0466,-0.0206,0,결정계수 미달,0.0
